{51C9D60D-6D41-44BD-9136-C4933510DB2D},urn:nbn:fi:csc-kata20170613100729794850
{83CE79F8-4DF5-4B8A-B431-77FAC6195603},urn:nbn:fi:csc-kata20170613100734993314
{54CB6655-3038-4FAC-9822-5BADA622570F},urn:nbn:fi:csc-kata20170613100749819973
{BDD349C3-3656-4B3C-A590-77901C058DA2},urn:nbn:fi:csc-kata20170613100739843750
{D7F3685D-0432-4FC3-B0D4-13E798050A67},urn:nbn:fi:csc-kata20170613100743495080
{593D9E64-4289-4B7B-A946-7A59C763C904},urn:nbn:fi:csc-kata20170613100745528969
{2F164F22-A4F9-468A-97E5-717B0B3D0E7B},urn:nbn:fi:csc-kata20170613100751862041
{4CFB1D5B-F47E-4E92-918A-63EC5BB9C217},urn:nbn:fi:csc-kata20170613100755354524
{356F0345-ABFE-4245-8231-BE4BFA83C541},urn:nbn:fi:csc-kata20170613100757414314
{31B11BD6-7886-447C-8A24-2B8FFE6B2D07},urn:nbn:fi:csc-kata20170613100801188102
{8462E50B-16BD-4C7F-9A79-F3DC6BFA1080},urn:nbn:fi:csc-kata20170613100803289414
{61D3FA7B-D8AC-40BA-A552-9FCED8F87375},urn:nbn:fi:csc-kata20170613100807182764
{1E97AFFB-BFDB-4077-BEDD-BE5A7D971C8E},urn:nbn:fi:csc-kata20170613100809133457
{1E11A44F-4987-4FF2-B55B-A3F94739FEE5},urn:nbn:fi:csc-kata20170613100813236287
{E4505311-A27A-4CD5-B207-89EFEEFE48CF},urn:nbn:fi:csc-kata20170613100817159225
{58AAFEFC-1429-4343-8EE2-F5E136E0A276},urn:nbn:fi:csc-kata20170613100819199180
{2F7CC7D6-380E-4E77-834F-7682EC6BC4FF},urn:nbn:fi:csc-kata20170613100822732739
{FF890247-EDD4-45E2-97BE-4570039870B7},urn:nbn:fi:csc-kata20170613100824788965
{2FAA5D6B-C053-465E-812C-119798581F5C},urn:nbn:fi:csc-kata20170613100829704610
{C2B3FC73-060B-4053-BA04-54D86F4DE7E5},urn:nbn:fi:csc-kata20170613100833381426
{5F14DCDF-6A2C-4A67-9035-BC73D0ED60B0},urn:nbn:fi:csc-kata20170613100835409467
{033E574E-3B6D-4A40-A2BC-8C50C8FA86E0},urn:nbn:fi:csc-kata20170613100730521915
{FB936A19-421D-486D-95AC-009BD53AA1B2},urn:nbn:fi:csc-kata20170613100734006960
{1A50B09C-2DEF-46C0-8664-19A3A5BF89CE},urn:nbn:fi:csc-kata20170613100738814111
{F41D131D-B103-4726-B291-E43B49D136A2},urn:nbn:fi:csc-kata20170613100744495268
{7AC30A3E-8E38-4717-8D2E-80585623212B},urn:nbn:fi:csc-kata20170613100746498580
69b7df80-3d67-11e2-941e-005056c00008,urn:nbn:fi:csc-kata20170613100750847954
{8D4119C7-23C6-419C-B874-2FB4C8DAEC44},urn:nbn:fi:csc-kata20170613100756379621
{EA35908B-1AD2-4C93-B437-A3BB9ADA80F9},urn:nbn:fi:csc-kata20170613100802288883
{3E35CBD1-1C57-4E17-96EC-6E41256E4619},urn:nbn:fi:csc-kata20170613100804299743
{B9487289-0C02-48E4-A26F-DAACDA60C462},urn:nbn:fi:csc-kata20170613100806229622
{939AE4E5-332A-4B0C-B9BF-96E0F16620A0},urn:nbn:fi:csc-kata20170613100810100352
{313F5784-71A0-46C2-A5B2-86AD9B17A4E8},urn:nbn:fi:csc-kata20170613100814245577
{348DFB97-5F9F-4902-9152-23B0C9505673},urn:nbn:fi:csc-kata20170613100816184638
{04B79E94-8D3B-451E-963B-19DDAD6F6215},urn:nbn:fi:csc-kata20170613100821659400
{44F16A49-3DC8-4BB5-9420-6D015FB64EF1},urn:nbn:fi:csc-kata20170613100825765197
{2627E9FE-B657-48E1-A98D-000D4CD5CA38},urn:nbn:fi:csc-kata20170613100827245917
{F500A951-A177-4CAA-83C5-FC54F2255FAB},urn:nbn:fi:csc-kata20170613100834390375
{9540CC1E-3E98-4C3D-A214-DC26A7DE6953},urn:nbn:fi:csc-kata20170613100841577828
{28041FC2-F80F-43FF-BEAA-CE66D449D04F},urn:nbn:fi:csc-kata20170613100844956492
{A2C05340-3276-4FBB-8350-607560E3C31F},urn:nbn:fi:csc-kata20170613100846965797
{3D7A5268-E65C-4AB1-9A5E-99C8909AD764},urn:nbn:fi:csc-kata20170613100851862605
{55AB842F-9CED-4E80-A7E5-07A54F0AE4A4},urn:nbn:fi:csc-kata20170613100856741858
{A82B72DC-8E21-4398-9431-DB208C622CF5},urn:nbn:fi:csc-kata20170613100859536771
{180ACCFE-FE84-4CD3-AF8A-6FF75C473059},urn:nbn:fi:csc-kata20170613100900960744
{0E73BB28-1574-48A0-87CA-FD4BC1211896},urn:nbn:fi:csc-kata20170613100905296216
{1E200F2D-7983-42C1-84AF-459FD31AB4EC},urn:nbn:fi:csc-kata20170613100909399775
{5F20668F-9380-405F-8A4D-010943250F34},urn:nbn:fi:csc-kata20170613100911371799
{89F4653E-9930-4540-BFBA-C78444E1FCD5},urn:nbn:fi:csc-kata20170613100913342806
{8047A089-C13F-4729-920B-3C18F471F711},urn:nbn:fi:csc-kata20170613100917351438
{302A9608-99B9-4D10-A469-36949D12436F},urn:nbn:fi:csc-kata20170613100919297711
{87FB981C-2691-4503-8A59-BD740ECF38D9},urn:nbn:fi:csc-kata20170613100923248862
{6CD780AB-790D-4DA8-8962-9C8186B4127D},urn:nbn:fi:csc-kata20170613100927596979
{F363ACA2-6CF5-46EF-907C-8F6CAF50C17B},urn:nbn:fi:csc-kata20170613100929582310
{D53E9674-A446-4F54-81C3-8C15310353CC},urn:nbn:fi:csc-kata20170613100936346946
{12E7100A-C010-40A3-A441-4EED54C9FC64},urn:nbn:fi:csc-kata20170613100939875000
{9BCE41E0-54BC-43A4-9543-D3948FD151EF},urn:nbn:fi:csc-kata20170613100842562062
{6FF5E8D4-5329-44D1-8741-D7F3223D0F30},urn:nbn:fi:csc-kata20170613100847969128
{B1444E19-0F36-49F5-A849-01A3D2083A11},urn:nbn:fi:csc-kata20170613100849446164
{881E716A-2D10-46C5-BE7D-E5E3D49755DB},urn:nbn:fi:csc-kata20170613100854351540
{E8222F77-00C4-4934-B2CB-0AB6A93D9E69},urn:nbn:fi:csc-kata20170613100901967214
{422E4BF9-D15B-4779-8ABD-3610BD645C5C},urn:nbn:fi:csc-kata20170613100906411595
CHL_Finland_SYKE_2006-2011_MERIS_FUB_RECT,urn:nbn:fi:csc-kata20170613100908395262
{C08C0416-6605-4BC5-8956-58AAF95F0030},urn:nbn:fi:csc-kata20170613100912348455
{FB02515B-D7A9-4F6D-BD15-2E2B818AD997},urn:nbn:fi:csc-kata20170613100914333165
{CA4578AC-3B2E-488F-8A0D-C91E470DAE49},urn:nbn:fi:csc-kata20170613100918330990
{A9B5E4AF-21B3-4FA5-AF45-2CD819CE742E},urn:nbn:fi:csc-kata20170613100922262209
{62C30F1D-570D-4C75-80AE-6FE5402ECBBE},urn:nbn:fi:csc-kata20170613100924249088
{96F338EA-75AF-432C-A780-31A3CDECBDF2},urn:nbn:fi:csc-kata20170613100928580805
{1FF762A2-EE3F-415C-9895-D866B2E8A9CF},urn:nbn:fi:csc-kata20170613100930637357
{EFC9B874-90BF-4701-BABF-29F6F7D58BE0},urn:nbn:fi:csc-kata20170613100933966013
{4E1FF620-E911-4678-83A4-F4A13944BD1A},urn:nbn:fi:csc-kata20170613100935349497
{B6AFC4CE-7827-46BE-9372-141CE59394AA},urn:nbn:fi:csc-kata20170613100940897540
{9871C541-9E84-4241-A1E5-51C596A5A4E2},urn:nbn:fi:csc-kata20170613100948371622
{2AD52986-F67E-4417-B733-BF57C94B4F02},urn:nbn:fi:csc-kata20170613100949762673
{8843FB36-11B6-41FF-98B6-38A1B3727471},urn:nbn:fi:csc-kata20170613100953817023
{8CDFAFDE-C079-4DC5-BF3D-4E2554070227},urn:nbn:fi:csc-kata20170613100955845618
{2D70E79B-36F8-4E5E-BB6C-0DD7C6E5639D},urn:nbn:fi:csc-kata20170613101002032492
{8E578155-1FD3-4B69-B6EB-0AB18B8F6FE6},urn:nbn:fi:csc-kata20170613101004056151
{23FB0660-5B2B-4212-BE02-772EB6E27E16},urn:nbn:fi:csc-kata20170613101006050966
Metadata_SYKE_SCA_2006-2011_Finland,urn:nbn:fi:csc-kata20170613101008059954
{43703630-6C0B-4E29-929A-1603C8CEFD8E},urn:nbn:fi:csc-kata20170613101013662576
{7753FF3C-D1E8-453A-B3F1-8412A2AD1CD1},urn:nbn:fi:csc-kata20170613101017591541
{B7D430B8-AEA0-4701-BD8F-533892EA0AD4},urn:nbn:fi:csc-kata20170613101019558738
{0189B2FD-4411-4CB0-90E5-DF4E1293C6F3},urn:nbn:fi:csc-kata20170613101023670058
{DFC5480E-CFC4-4FF3-B42F-9685481309BC},urn:nbn:fi:csc-kata20170613101029366140
{41482CFB-D636-4396-AAB3-CBC82A28772A},urn:nbn:fi:csc-kata20170613101030761391
{681B6DFF-2B4C-4881-AF69-37AD15A2B16A},urn:nbn:fi:csc-kata20170613101034870826
{479C025B-3ECC-4E97-8FF0-23E82B5A521B},urn:nbn:fi:csc-kata20170613101036894999
{E60A3152-F0AA-4E61-BA1C-E28F0DBE8FF6},urn:nbn:fi:csc-kata20170613101040890959
{CEF2EA78-0400-46F1-8173-CD1D1EE547D1},urn:nbn:fi:csc-kata20170613101042333354
{45E434FE-36DF-431C-A9F2-D65C433F8751},urn:nbn:fi:csc-kata20170613101046530241
{D2BF7AA2-6E0A-4EFF-BB77-1EA5330A3518},urn:nbn:fi:csc-kata20170613101051944564
{CE26C069-1F54-4F78-8FE2-A1C025E8C9E8},urn:nbn:fi:csc-kata20170613101053988216
{34E2147E-D704-408D-A053-F91EEE20F94F},urn:nbn:fi:csc-kata20170613100950802407
{A58329D8-3ED0-47B8-B789-3095EE55C255},urn:nbn:fi:csc-kata20170613100952783624
{6906D7D5-BAEC-4006-8FDB-84732B61ADE7},urn:nbn:fi:csc-kata20170613100956845510
{7F0ABF2F-A175-4D9A-A04B-C6514B94D082},urn:nbn:fi:csc-kata20170613101000936497
{F1B27979-9B92-4607-B97F-28A5808AD5CC},urn:nbn:fi:csc-kata20170613101003024886
{CB02E608-6E6B-417E-87DA-BD7C8CB53712},urn:nbn:fi:csc-kata20170613101007045186
{7F62E2AC-7C1B-4B3F-A66A-8BE03E01388B},urn:nbn:fi:csc-kata20170613101009038231
{604DFF56-4157-46DE-84CB-71978DAC790A},urn:nbn:fi:csc-kata20170613101012671819
{C305FA65-F319-4FA0-AAB8-F92AE32B6EE2},urn:nbn:fi:csc-kata20170613101014631743
{4A29A502-D287-4956-AD84-8C467D1E4D40},urn:nbn:fi:csc-kata20170613101018589707
{3A7B5ECF-5A1A-4CE8-8880-EFA161B0452E},urn:nbn:fi:csc-kata20170613101020545721
{EB7FEE73-535C-49D8-AD0B-EAF13E52E665},urn:nbn:fi:csc-kata20170613101024702100
{DFA8CF50-721B-4C71-93DD-A8264C5C2A9C},urn:nbn:fi:csc-kata20170613101026332724
{7D2F780B-39D7-4C83-9A2A-C3E3D6534B61},urn:nbn:fi:csc-kata20170613101031800901
{BDBE0944-5B2C-4CE8-A404-34B8292DF808},urn:nbn:fi:csc-kata20170613101035887214
{E4DBC005-823B-469F-9AAB-51450438F41A},urn:nbn:fi:csc-kata20170613101037891103
{E9B1F82F-D696-49A1-9CC8-B69EEE5D61FF},urn:nbn:fi:csc-kata20170613101043355363
{D1539BE1-7A48-4CC8-AEC9-B32C7650A399},urn:nbn:fi:csc-kata20170613101047538894
{E0F3C2BF-DC62-4132-94AC-505175C070D1},urn:nbn:fi:csc-kata20170613101048981334
{19002DDF-91D0-48A3-8E68-891C8E7374D5},urn:nbn:fi:csc-kata20170613101052969087
{DDFEA0F7-7A42-4E8E-9782-57DD74697BD1},urn:nbn:fi:csc-kata20170613101054958709
{B4783610-3298-4550-9793-9DBDCB0080B1},urn:nbn:fi:csc-kata20170613101055906377
{B6BD1CAD-BAB5-4473-AFD0-79DB30A88420},urn:nbn:fi:csc-kata20170613101057824272
{EA4227EC-6958-4EC1-AE3C-3051FB9678B8},urn:nbn:fi:csc-kata20170613101059751476
{1B235B6E-170C-4EF4-BE20-77C606F1A165},urn:nbn:fi:csc-kata20170613101101148311
{22E6CAF3-20A9-44D1-B054-E019FEF882D4},urn:nbn:fi:csc-kata20170613101103209249
{D30F72F9-01F0-448A-9F18-213954BF87C7},urn:nbn:fi:csc-kata20170613101105347837
{72C2B39E-E581-4B5B-8C28-E5E0190DD97F},urn:nbn:fi:csc-kata20170613101107401319
{FECA3DEC-6C77-4424-BC42-0AE1452B2BA0},urn:nbn:fi:csc-kata20170613101109402375
{6AF05F3B-0D56-49D5-BFEA-F1652620D879},urn:nbn:fi:csc-kata20170613101113471857
{A0C487D4-968B-4553-9EFB-870D6D2A728C},urn:nbn:fi:csc-kata20170613101115528669
{8770CC62-F274-4700-9A81-592FBDE66635},urn:nbn:fi:csc-kata20170613101119823665
{179A08D0-3B37-4A80-837E-83F151D5CDEA},urn:nbn:fi:csc-kata20170613101121808154
{854C80BE-3383-4E67-8C21-0E4D038B7BA8},urn:nbn:fi:csc-kata20170613101125361183
{BB5AE7E2-8C84-4FCC-83DD-1150F60EEE27},urn:nbn:fi:csc-kata20170613101127570669
{A40A94CB-4905-4489-9C03-52B6CE9F66CD},urn:nbn:fi:csc-kata20170613101131553032
{FA1742D1-8509-437C-846A-6637B3FF7345},urn:nbn:fi:csc-kata20170613101135702838
{CF4921DE-7CD1-48C6-8C9C-1BFFC6662E14},urn:nbn:fi:csc-kata20170613101137680180
{084531FC-EE76-418A-9832-5F8B418BA60E},urn:nbn:fi:csc-kata20170613101141734661
{1D154349-AFCA-4FBB-AD07-50EB6F36339D},urn:nbn:fi:csc-kata20170613101147951515
{E9D872FA-3A6D-45C6-AD52-78E0724307A7},urn:nbn:fi:csc-kata20170613101149975707
{DD648E4F-0478-4D32-8286-C2437EC87D33},urn:nbn:fi:csc-kata20170613101154486985
{4438F7E1-2927-4854-B8F8-0EE8E8822C53},urn:nbn:fi:csc-kata20170613101156484416
{31CF9F00-FAA6-4158-B2E9-9D443776C4B1},urn:nbn:fi:csc-kata20170613101058786465
{6F7ADB6E-193B-47A2-A4F6-2320D66D706A},urn:nbn:fi:csc-kata20170613101056865204
{8D42F658-9DAD-4C65-9418-ABB00B92DF98},urn:nbn:fi:csc-kata20170613101102155853
{BB4FD42D-EDA1-4AC2-8D64-A4253EDCDB94},urn:nbn:fi:csc-kata20170613101104231326
{66A5653E-A8E7-4BA3-9703-A0AF001AE089},urn:nbn:fi:csc-kata20170613101106412437
{4B84256C-0F01-456E-8A41-63231FC0D8F5},urn:nbn:fi:csc-kata20170613101108415162
{C420898F-600A-41CB-8843-F06A90301427},urn:nbn:fi:csc-kata20170613101110413025
{0A81369B-6693-4BEB-80EF-238035480C3C},urn:nbn:fi:csc-kata20170613101112435285
{64764F78-0F35-438B-9EA4-FDAC3384840D},urn:nbn:fi:csc-kata20170613101114539873
{B313B6FD-1CAB-41DD-9EF8-CF602F361773},urn:nbn:fi:csc-kata20170613101118803249
{B67BC862-E17C-42A2-B7AE-70B8A171170F},urn:nbn:fi:csc-kata20170613101120819801
{FF5FE8B1-B2BC-44C7-8A47-744F0A522CD2},urn:nbn:fi:csc-kata20170613101126428345
{DA001EC6-DB26-4339-AB97-DAB8FC2968B3},urn:nbn:fi:csc-kata20170613101130552785
{CED8AC3C-0651-4117-88A6-44CD05F6B42D},urn:nbn:fi:csc-kata20170613101132635502
{E9F0B1FD-C41E-46A1-BA30-E9A29DF12D70},urn:nbn:fi:csc-kata20170613101136687325
{13972098-7333-4827-B5D0-CFEF3CE54295},urn:nbn:fi:csc-kata20170613101138644328
e98cabc7-65ad-4e72-a6d6-f42e2cc591da,urn:nbn:fi:csc-kata20170613101143539886
{D03358DD-CA34-487F-8F85-03A74C9D7296},urn:nbn:fi:csc-kata20170613101146961324
{D8DD3305-0313-47F4-B241-71658B6C06AC},urn:nbn:fi:csc-kata20170613101148968011
{3E07BDDC-AB68-4CDB-A647-BA6FCA784AB3},urn:nbn:fi:csc-kata20170613101153485000
{1377662D-F6F1-48F7-86A0-ADD001F08CE1},urn:nbn:fi:csc-kata20170613101155486529
{4166A97E-E513-4B69-B498-447A8FA71B9A},urn:nbn:fi:csc-kata20170613100725780921
{CA32C9F7-7475-4EFE-8E1C-22B1FB96F008},urn:nbn:fi:csc-kata20170613100728968355
{8A4E6487-B27A-4F3B-8EA4-4651EA39ACCE},urn:nbn:fi:csc-kata20170613100732546946
{BD151356-6EDB-4CB2-9BEF-E72D5AEBE936},urn:nbn:fi:csc-kata20170613100737796462
{ED3D3E91-8674-4532-8E78-3E63950A9BE5},urn:nbn:fi:csc-kata20170613100747619216
{18C8309E-3963-4738-B6D2-96BA825344DC},urn:nbn:fi:csc-kata20170613100759009536
{674D6DB4-5FD9-434A-855F-F51316704630},urn:nbn:fi:csc-kata20170613100727336701
{9B856E2E-6F8F-4B9A-8618-9923F238852D},urn:nbn:fi:csc-kata20170613100800084273
{3563384E-DF21-49F6-9E0A-CCB1B8A74A44},urn:nbn:fi:csc-kata20170613100728194639
{B7FB975C-846E-451A-9F5E-00EE3D2383AA},urn:nbn:fi:csc-kata20170613100731575297
{A21026BF-204C-42FC-9FCB-450BD5A94C81},urn:nbn:fi:csc-kata20170613100736827697
{48CD102E-D5CE-445A-B9DC-74F8E9345D94},urn:nbn:fi:csc-kata20170613100741511076
{29205135-177D-4244-ABF3-BEE74782E567},urn:nbn:fi:csc-kata20170613100742501185
{00DEEA25-2286-49B4-AED4-CB20A1BA5B9E},urn:nbn:fi:csc-kata20170613100748822133
{4CA7BB48-01F0-4544-B153-E17569155FBD},urn:nbn:fi:csc-kata20170613100753284091
{0B5AAC11-E3E2-40D3-800F-8F5801F503AB},urn:nbn:fi:csc-kata20170613100754357886
{BBDCFF54-8109-4795-8BB5-15FA9480BB9C},urn:nbn:fi:csc-kata20170613100805264491
{D54C552F-F7F7-489B-8B1E-E093D93C7386},urn:nbn:fi:csc-kata20170613100903176392
{43163BBB-0D01-4375-BE28-33AA1607B2C3},urn:nbn:fi:csc-kata20170613100811069990
{16329288-9ABA-4563-906F-9A121F1FF18A},urn:nbn:fi:csc-kata20170613100812029491
{E6FB5DFE-CA39-4B50-AD36-ABF273B3C375},urn:nbn:fi:csc-kata20170613100820668558
{0CF94C00-D59A-45A0-A2EA-4ACF9014A2BA},urn:nbn:fi:csc-kata20170613100823777059
{85FE6E30-90D2-4DB9-901B-7D86A74599DD},urn:nbn:fi:csc-kata20170613100839454024
{6655C0FA-9562-4015-B97A-0D07A19CF72C},urn:nbn:fi:csc-kata20170613100828286358
{AC7E17C3-0833-40B1-B37A-187320A03826},urn:nbn:fi:csc-kata20170613100831874894
{AF0A925D-9410-4431-8DB8-0455C73D193E},urn:nbn:fi:csc-kata20170613100915362768
{A8126E3C-8F96-43C3-883D-BF315E38284E},urn:nbn:fi:csc-kata20170613100843538705
{BB655D7F-1E25-4E19-AE7F-5DEBF1AEFC6C},urn:nbn:fi:csc-kata20170613100920274475
{C594F22E-B642-434D-B6F2-6ECB03F760C7},urn:nbn:fi:csc-kata20170613100838488699
{3F43EA83-48C3-4D04-9DDF-67822FB32EF2},urn:nbn:fi:csc-kata20170613100931616389
{7DB140D8-F133-42DB-B424-3309C2684A6D},urn:nbn:fi:csc-kata20170613100850445913
{F271AB26-3268-461F-A380-F3A1CC6AB62E},urn:nbn:fi:csc-kata20170613100858049260
{09F5613F-D9A2-4C68-818D-70B018437888},urn:nbn:fi:csc-kata20170613100921280406
{9EC02206-E14C-4186-AF09-829FFFB43FD9},urn:nbn:fi:csc-kata20170613100925247174
{F1E7CB96-6CA3-4E51-B057-464AF658C46E},urn:nbn:fi:csc-kata20170613100942315433
{AFB2C26E-E63B-4324-8E06-3B806EC37C92},urn:nbn:fi:csc-kata20170613100938782978
{B2B2A595-1225-4E18-B49C-EEBB5A6C5CE3},urn:nbn:fi:csc-kata20170613100945310351
{629AC114-8BBC-48B5-9D8F-303A53CF3E9F},urn:nbn:fi:csc-kata20170613100946313023
{802F4259-8AB3-473A-810C-FA3BE4FE5C92},urn:nbn:fi:csc-kata20170613100951805707
{FBE41DF9-F410-4490-B9B6-8418CB33617E},urn:nbn:fi:csc-kata20170613100958852425
{9707160B-8B54-48DB-9151-4A41FD46D159},urn:nbn:fi:csc-kata20170613100808149463
{11A39DCD-4A35-4B90-AFBD-EEC3B778378C},urn:nbn:fi:csc-kata20170613100815228157
{E3647EED-2697-4EDE-92C9-900DD458B87F},urn:nbn:fi:csc-kata20170613100818169169
{04399CD4-86CD-453E-B683-5CFF53FA36D0},urn:nbn:fi:csc-kata20170613100853312415
{79F1A09C-54C6-4EBE-96D8-1970459896EE},urn:nbn:fi:csc-kata20170613100830811514
{B7E5A9C8-08A2-4272-9AB2-ADA81A2E6C69},urn:nbn:fi:csc-kata20170613100836417116
{EEC35D81-765A-4A7B-BC9B-F89A476807EC},urn:nbn:fi:csc-kata20170613100855767461
{3895111B-8E40-4EC1-9256-B4C59B460832},urn:nbn:fi:csc-kata20170613100904243439
{75182F9D-D7D5-4A3A-8556-1C96577F0A52},urn:nbn:fi:csc-kata20170613100907410421
{F8321822-0A0D-4AC4-81E3-B9E3BE6386A2},urn:nbn:fi:csc-kata20170613100837407760
{CB8FEF32-5FCE-4E33-A8B8-1FBB02F9C2C1},urn:nbn:fi:csc-kata20170613100840539954
{FBF9037A-3381-47C4-AD09-BBEAB007FEC0},urn:nbn:fi:csc-kata20170613100845973032
{6C21A825-FE70-47CE-91CA-E14EBE01F562},urn:nbn:fi:csc-kata20170613100910393498
{A8936D40-2159-468D-84CD-0A978609B968},urn:nbn:fi:csc-kata20170613100932567204
{01A88DB7-7672-4671-95C4-3CD2AEAC5A99},urn:nbn:fi:csc-kata20170613100916355926
{609B6F9F-954E-4F98-BCFC-172689200290},urn:nbn:fi:csc-kata20170613100926268479
{74345ACE-9D96-4A52-9E2F-7E8FE38C7809},urn:nbn:fi:csc-kata20170613100937757973
{895902E7-031C-48AD-A8AC-DCE7D325B9EE},urn:nbn:fi:csc-kata20170613100943298069
{1500436E-FD0E-4560-A933-847F16EFCC94},urn:nbn:fi:csc-kata20170613100947273426
{56486ECE-92E9-4FA5-96F3-0FC1D1B8C428},urn:nbn:fi:csc-kata20170613100954881953
{0193799E-1F36-4FB9-A0B9-48264860C58C},urn:nbn:fi:csc-kata20170613100957882783
{6FF12F76-3162-4DD9-8320-668EDB9CBD9E},urn:nbn:fi:csc-kata20170613100959902914
{918099FC-918C-4FA3-9444-5A3D5E950877},urn:nbn:fi:csc-kata20170613101005072405
{36FA93DC-F156-427E-973E-E83F7AFC6306},urn:nbn:fi:csc-kata20170613101011142635
{86FC3188-6796-4C79-AC58-8DBC7B568827},urn:nbn:fi:csc-kata20170613101016617006
{6771A0AD-3B9C-450E-9536-0B036B47A662},urn:nbn:fi:csc-kata20170613101022658740
{D6C6858A-562D-4965-AD77-2B1E97EFFA6B},urn:nbn:fi:csc-kata20170613101028373481
{DBBDEECB-AB2A-4B01-B45B-DE809992F79F},urn:nbn:fi:csc-kata20170613101033862888
{46D1A89C-7CE9-420E-B592-4018AC17EEE8},urn:nbn:fi:csc-kata20170613101039863384
{7E8EA280-EAD4-4AFF-BA43-73DCA7805836},urn:nbn:fi:csc-kata20170613101045408249
{9D206B64-2EB7-47CC-AC9C-48459242444E},urn:nbn:fi:csc-kata20170613101050941734
{4568E834-419F-4295-8CB1-2BE76C1F3318},urn:nbn:fi:csc-kata20170613101116561851
{9CC3C6F8-D834-4663-8424-D846CEE43F3D},urn:nbn:fi:csc-kata20170613101122832909
{2753EE72-1F06-4291-987F-08FA693ED5CA},urn:nbn:fi:csc-kata20170613101128632174
{A9E46C99-F4E4-4079-A94E-376CB0EE3A8E},urn:nbn:fi:csc-kata20170613101133639313
{65C4C67D-94F6-4B52-A656-069CC5853778},urn:nbn:fi:csc-kata20170613101134642753
{51D1BC1D-93E5-4369-8019-630ACDEF53BA},urn:nbn:fi:csc-kata20170613101140750371
{2A5BD858-ECAB-4E8B-B3B1-7FD0FE0DA798},urn:nbn:fi:csc-kata20170613101144961410
{83B57B72-1D1D-4DE4-BC61-180F3EE028AF},urn:nbn:fi:csc-kata20170613101151094617
{C6DCCB67-99B6-449A-A36F-26A847E6D856},urn:nbn:fi:csc-kata20170613101010046027
{343C40A6-D0ED-4B6A-BA77-2724A48A3BD3},urn:nbn:fi:csc-kata20170613101015634280
Metadata_SYKE_SCA_Baltic_0.05deg_pv,urn:nbn:fi:csc-kata20170613101021579947
{AB16A1FF-65E1-4A6E-A73D-653DDAAA7495},urn:nbn:fi:csc-kata20170613101027343979
{76879C3D-8293-4C12-B873-26F59BCF54B9},urn:nbn:fi:csc-kata20170613101032874971
{ECE5D7C1-FF3C-47C2-84F1-D878CD3DA6EE},urn:nbn:fi:csc-kata20170613101038871806
{8B962E44-AB11-4D38-B178-76AB85B114BB},urn:nbn:fi:csc-kata20170613101123860204
{2FA13650-7CB3-4299-8663-7542769D102E},urn:nbn:fi:csc-kata20170613101044362124
{6FC8A217-6A9D-4FE2-8923-843DA4A7DBE5},urn:nbn:fi:csc-kata20170613101049958353
{EE4B7F52-5528-4AC2-9C7B-1D8CE4AD13D0},urn:nbn:fi:csc-kata20170613101111428927
{F4A6DADE-650B-4BA2-8E69-11ED37EC1335},urn:nbn:fi:csc-kata20170613101117629616
{F47A597F-FC14-47C5-BD3A-AE0710BC8A08},urn:nbn:fi:csc-kata20170613101129593546
{6DEF8642-7867-4047-AEB9-5134D24C4D64},urn:nbn:fi:csc-kata20170613101139716663
{9BBA8D56-3FD3-431B-BFC3-7C2EFF5CAC8E},urn:nbn:fi:csc-kata20170613101145955765
{F2FAD430-3632-4ACC-B2B1-70680795361E},urn:nbn:fi:csc-kata20170613101152484229
